experiment_name,backbone,head,loss,data_strategy,brier_mean,brier_std,cosine_mean,cosine_mean_ci_high,cosine_mean_ci_low,cosine_std,entropy_bias,entropy_mae,entropy_mae_ci_high,entropy_mae_ci_low,entropy_pearson,entropy_pearson_ci_high,entropy_pearson_ci_low,entropy_rmse,entropy_rmse_ci_high,entropy_rmse_ci_low,entropy_spearman,entropy_spearman_ci_high,entropy_spearman_ci_low,evaluation_time_sec,jsd_mean,jsd_mean_ci_high,jsd_mean_ci_low,jsd_std,kl_mean,kl_mean_ci_high,kl_mean_ci_low,kl_std,majority_top1_acc,p_at_100,p_at_100_ci_high,p_at_100_ci_low,p_at_200,p_at_200_ci_high,p_at_200_ci_low,p_at_500,p_at_500_ci_high,p_at_500_ci_low,params,soft_cross_entropy_mean,soft_cross_entropy_std,soft_ece,soft_mce,total_variation_mean,total_variation_mean_ci_high,total_variation_mean_ci_low,total_variation_std
densenet_bc_kl,densenet_bc_40_12,temperature_mlp,kl,cifar10_pretrain_finetune,0.28386467695236206,0.3966810405254364,0.8133490681648254,0.8246187552809715,0.8006736218929291,0.2827428877353668,0.8704181909561157,0.9150171875953674,0.9456712186336518,0.8814367264509201,0.22742301225662231,0.265210860729922,0.18966940763471996,1.1619048118591309,1.1923795551061631,1.1281305372714996,0.21257344682696427,0.25325284619949734,0.17539332752859169,2.172046184539795,0.14993920922279358,0.1576934326440096,0.14303511492908,0.16570964455604553,0.6270932555198669,0.6676631048321724,0.5921943381428718,0.8817951679229736,0.7615000009536743,0.06,0.12,0.02,0.165,0.215,0.11,0.35,0.39,0.318,211923,0.7828856706619263,0.943618893623352,0.03369728848338127,0.18821188807487488,0.32536500692367554,0.3382008671760559,0.31203949376940726,0.2961019277572632
resnet18_custom,resnet18,temperature_mlp,custom,cifar10_pretrain_finetune,0.1898382306098938,0.3818027675151825,0.8758746981620789,0.8869715794920922,0.8639051169157028,0.2567424774169922,0.38140231370925903,0.49227508902549744,0.515076008439064,0.4684852957725525,0.31516626477241516,0.36178841465707273,0.2707731725581471,0.7320079803466797,0.7583068892359733,0.7022023767232894,0.30729295360015185,0.3488922005486691,0.26957304226958384,1.0518105030059814,0.09312374889850616,0.10010306015610694,0.08715618643909692,0.14970740675926208,0.41960904002189636,0.4521750554442406,0.3888468071818352,0.7806738615036011,0.8330000042915344,0.13,0.2,0.07,0.245,0.31,0.2,0.406,0.438,0.372,11303243,0.5754013657569885,0.8614247441291809,0.04687981307506561,0.23230114579200745,0.20543046295642853,0.21772988885641098,0.19409981966018677,0.2757858633995056
resnet18_jsd,resnet18,temperature_mlp,jsd,cifar10_pretrain_finetune,0.1826239675283432,0.4015781581401825,0.8830615878105164,0.8941320747137069,0.871449089050293,0.2597888112068176,0.2518336772918701,0.4167693853378296,0.43700209334492685,0.3942167475819588,0.3072732090950012,0.3542485264353426,0.2650459858717518,0.6572858691215515,0.6828134387731551,0.6299096375703812,0.3104240191273236,0.3504291073792413,0.272293402849656,1.05745530128479,0.08665914088487625,0.09399567227810621,0.07999018188565969,0.15387196838855743,0.43815484642982483,0.4763968415558338,0.40165742933750154,0.8915058970451355,0.8500000238418579,0.17,0.23,0.09,0.225,0.285,0.175,0.4,0.438,0.36295,11303243,0.5939470529556274,0.9757102727890015,0.05896853655576706,0.14860433340072632,0.18586423993110657,0.1984848830848932,0.17419485598802567,0.2770429253578186
resnet18_linear_kl,resnet18,linear,kl,cifar10_pretrain_finetune,0.17931929230690002,0.3801782727241516,0.8828483819961548,0.8929237768054008,0.8717378437519073,0.2541634142398834,0.3027322590351105,0.4448682367801666,0.4672899074852466,0.4203236952424049,0.3219927251338959,0.3695281513982434,0.2759275302438801,0.6894180178642273,0.7203095406293869,0.6576734408736229,0.3213799700954082,0.36031705960677946,0.28453790006438046,1.0880157947540283,0.08674141019582748,0.09280384369194508,0.08060674462467432,0.14889872074127197,0.42179009318351746,0.45830886736512183,0.38610846027731893,0.8534849286079407,0.8535000085830688,0.16,0.23524999999999976,0.09,0.24,0.30262499999999987,0.185,0.418,0.45,0.376,11173962,0.5775823593139648,0.9422503709793091,0.04708079993724823,0.24648383259773254,0.1898781806230545,0.20076025277376175,0.17813122756779193,0.27376681566238403
resnet18_mlp_kl,resnet18,mlp,kl,cifar10_pretrain_finetune,0.1726047694683075,0.38512295484542847,0.8886088132858276,0.8992865636944771,0.8786685541272163,0.25194716453552246,0.29607459902763367,0.41960448026657104,0.4389481030404568,0.3988457962870598,0.3571629226207733,0.4035224756851828,0.3153539408765633,0.6450760364532471,0.6706917077302933,0.6156775742769242,0.35674839601542335,0.39329368460466774,0.31791484416529026,1.0819251537322998,0.0825093686580658,0.08835608400404453,0.07659364715218545,0.14754271507263184,0.3899294435977936,0.42213524132966995,0.35700020417571066,0.8076319694519043,0.8585000038146973,0.16,0.23,0.08,0.23,0.285,0.17,0.452,0.488,0.418,11303242,0.5457216501235962,0.8876975178718567,0.046846646815538406,0.2657511234283447,0.1815294325351715,0.1918173462152481,0.17078790664672852,0.2681683599948883
resnet18_kl,resnet18,temperature_mlp,kl,cifar10_pretrain_finetune,0.18786752223968506,0.3666702210903168,0.876335620880127,0.8869565039873123,0.8649657890200615,0.2520159184932709,0.43404117226600647,0.5329930186271667,0.5560941964387893,0.5079542830586433,0.313245564699173,0.3563478984878711,0.271276611035219,0.7828222513198853,0.810506346821785,0.751271890103817,0.31022752242953683,0.3503219500184638,0.2724741612553536,1.5876960754394531,0.09439270198345184,0.1010045362636447,0.08847371339797974,0.1464986801147461,0.4109272062778473,0.4433341436088085,0.3818955093622208,0.7410184144973755,0.8385000228881836,0.12,0.19,0.06,0.22,0.28,0.17,0.398,0.43504999999999994,0.364,11303243,0.5667194724082947,0.8230375647544861,0.02959265187382698,0.16596947610378265,0.21060307323932648,0.2228410080075264,0.1989148236811161,0.2736057639122009
resnet18_soft_only_kl,resnet18,temperature_mlp,kl,soft_only_random_init,0.42799535393714905,0.5425134301185608,0.719535768032074,0.7355905294418335,0.7046338886022567,0.3597503900527954,0.7919757962226868,0.858458936214447,0.8895228728652,0.8287839502096176,0.18176212906837463,0.21605394535051137,0.14434093837480985,1.113160252571106,1.1445666193962096,1.0826598346233367,0.17925420288260518,0.2186558331223279,0.1422154672938508,1.0494887828826904,0.19850020110607147,0.20724133364856243,0.18899460770189763,0.2116413712501526,0.9643720388412476,1.0186517715454102,0.9060776457190514,1.3248034715652466,0.6535000205039978,0.06,0.11,0.02,0.155,0.195,0.11,0.34,0.38,0.308,11303243,1.1201645135879517,1.3691209554672241,0.11503290385007858,0.1740453839302063,0.39033615589141846,0.4048640340566635,0.3751307189464569,0.3494466245174408
vgg13_bn_kl,vgg13_bn,temperature_mlp,kl,cifar10_pretrain_finetune,0.18770156800746918,0.37096285820007324,0.8755899667739868,0.8867984279990196,0.8641870871186257,0.25577014684677124,0.47838351130485535,0.5658974647521973,0.5906602248549462,0.5372251078486443,0.3212997615337372,0.36362796256089563,0.2774789634101871,0.8279326558113098,0.8590684413909911,0.7933265879750252,0.3131807436128321,0.35378077479549386,0.2773896534089316,1.1627109050750732,0.09618350118398666,0.10313548538833857,0.08934652488678693,0.14985603094100952,0.41594648361206055,0.4503247134387493,0.38316298425197604,0.7679351568222046,0.8324999809265137,0.1,0.19,0.06,0.22,0.275,0.17,0.42,0.458,0.388,9542347,0.5717388987541199,0.8486658334732056,0.028057383373379707,0.2051265835762024,0.21288065612316132,0.22450811080634595,0.20041171796619892,0.27703025937080383
wrn28_2_custom,wideresnet28_2,temperature_mlp,custom,cifar10_pretrain_finetune,0.18863306939601898,0.39918845891952515,0.8789606094360352,0.8909742310643196,0.8679030328989029,0.2604982852935791,0.3011433184146881,0.43892696499824524,0.45960521847009655,0.41571340784430505,0.3165605068206787,0.3620545188120899,0.27702290682632036,0.6720178723335266,0.7002776309847831,0.64095918238163,0.32882834743895967,0.3672886812842073,0.2888424098765278,0.9926502704620361,0.09014448523521423,0.09678065255284309,0.08279202058911324,0.15446525812149048,0.4524978995323181,0.4913350820541382,0.41119686514139175,0.9226276278495789,0.843500018119812,0.13,0.19,0.07,0.22,0.265,0.16737500000000002,0.43,0.462,0.39495,1502427,0.6082900762557983,0.9989106059074402,0.05148196220397949,0.26786571741104126,0.1949818879365921,0.20710065215826035,0.1817692756652832,0.27767619490623474
wrn28_2_jsd,wideresnet28_2,temperature_mlp,jsd,cifar10_pretrain_finetune,0.19396698474884033,0.3993855118751526,0.8746861219406128,0.8858549013733864,0.8634463220834732,0.2619524598121643,0.29582715034484863,0.44356849789619446,0.4656239733099937,0.41979857459664344,0.2989281117916107,0.34071075202322654,0.26028983993454186,0.6899208426475525,0.7178477361798287,0.6592692464590073,0.32017119348064604,0.3597266997673391,0.2836837702151973,0.9982035160064697,0.0920744389295578,0.09903434980660678,0.08534447699785233,0.1546347588300705,0.45649874210357666,0.4937369368970394,0.41962359473109245,0.8697142601013184,0.8389999866485596,0.09,0.14,0.04,0.21,0.2626249999999999,0.16,0.414,0.444,0.374,1502427,0.6122908592224121,0.9537432789802551,0.056027352809906006,0.19367749989032745,0.19896374642848969,0.21166436634957791,0.18668168522417544,0.2820383906364441
wrn28_2_linear_kl,wideresnet28_2,linear,kl,cifar10_pretrain_finetune,0.272685170173645,0.49510395526885986,0.82732093334198,0.8417045816779136,0.8130274131894112,0.31338945031166077,0.3679264485836029,0.510290801525116,0.5327595964074134,0.4834163084626198,0.2532009780406952,0.3021067600032245,0.21338129894131033,0.7591642141342163,0.7878473415970803,0.7256113842129708,0.25475463972244466,0.2986283773232877,0.21539686826076013,0.9936795234680176,0.12251707911491394,0.1305405806750059,0.11382427513599395,0.1871662139892578,0.6351314187049866,0.6887857511639595,0.578863587975502,1.1807154417037964,0.7894999980926514,0.14,0.21,0.07,0.225,0.275,0.175,0.382,0.412,0.338,1467610,0.7909237742424011,1.2440850734710693,0.09006798267364502,0.24679258465766907,0.24869492650032043,0.26273058578372,0.23385773599147797,0.3209892213344574
wrn28_2_mlp_kl,wideresnet28_2,mlp,kl,cifar10_pretrain_finetune,0.1959810107946396,0.3991840183734894,0.8733503222465515,0.884146586060524,0.8617683053016663,0.26230838894844055,0.3164810836315155,0.44716739654541016,0.4680621810257435,0.4244396768510342,0.3276371657848358,0.3701888808050304,0.28559687014136326,0.6715273261070251,0.697554911673069,0.6438268780708313,0.3322392186521635,0.37240298076632283,0.29589425840388883,0.9871799945831299,0.09344811737537384,0.099952576123178,0.08671311382204294,0.15443846583366394,0.46973955631256104,0.5096538424491882,0.431332103908062,0.9297357797622681,0.8374999761581421,0.13,0.18,0.07,0.245,0.3,0.2,0.424,0.45904999999999996,0.384,1502426,0.6255316138267517,1.0118777751922607,0.04880402237176895,0.2582435607910156,0.20316347479820251,0.2141044482588768,0.19096645452082156,0.2798897325992584
wrn28_2_kl,wideresnet28_2,temperature_mlp,kl,cifar10_pretrain_finetune,0.1860954314470291,0.3777129054069519,0.8796781301498413,0.8913940966129303,0.8688856333494186,0.25211066007614136,0.3841940760612488,0.4993753731250763,0.5219111397862435,0.47416410222649574,0.314759761095047,0.3583526558660909,0.27647773530715114,0.747779369354248,0.776037584245205,0.7154314577579498,0.32428622926154693,0.36364665403034174,0.2839433001147129,1.455735206604004,0.09223777800798416,0.09880413711071015,0.08509848732501268,0.14941222965717316,0.4285305142402649,0.46430612877011296,0.3914965368807316,0.8241250514984131,0.8460000157356262,0.11,0.17,0.054750000000000014,0.21,0.265,0.15737500000000001,0.42,0.454,0.384,1502427,0.5843227505683899,0.901962161064148,0.03882380574941635,0.20204764604568481,0.20374923944473267,0.21577692441642285,0.19117900878190994,0.27395960688591003
wrn28_2_soft_only_kl,wideresnet28_2,temperature_mlp,kl,soft_only_random_init,0.4401179552078247,0.5339983105659485,0.710906445980072,0.7275437340140343,0.6953394919633865,0.3581315577030182,0.8235635161399841,0.8825541734695435,0.910131362080574,0.8520596966147422,0.17401720583438873,0.2143306007991182,0.13643215656102203,1.1192917823791504,1.147396942973137,1.0873432546854018,0.15781247528509298,0.201135186976231,0.1166080780327424,1.0019729137420654,0.20495060086250305,0.21390216313302518,0.19533985927700998,0.20948006212711334,1.0067931413650513,1.0691967993974685,0.9451167151331902,1.3950915336608887,0.6434999704360962,0.08,0.14,0.03,0.16,0.205,0.115,0.324,0.3610499999999999,0.29495,1502427,1.1625854969024658,1.4357823133468628,0.11441677808761597,0.29734474420547485,0.40539559721946716,0.42113776654005053,0.38965210095047953,0.343599408864975
